,Movie_Title,Release_Year,URL_Movie_Names,Rottentomatoes_URLs
0,12 Years a Slave,2013,12_years_a_slave,https://www.rottentomatoes.com/m/12_years_a_slave
1,127 Hours,2010,127_hours,https://www.rottentomatoes.com/m/127_hours
2,13 Hours,2016,13_hours_the_secret_soldiers_of_benghazi,https://www.rottentomatoes.com/m/13_hours_the_secret_soldiers_of_benghazi
3,13th,2016,13th,https://www.rottentomatoes.com/m/13th
4,1917,2019,1917,https://www.rottentomatoes.com/m/1917_2019
5,20 Days in Mariupol,2023,20_days_in_mariupol,https://www.rottentomatoes.com/m/20_days_in_mariupol
6,20 Feet from Stardom,2013,20_feet_from_stardom,https://www.rottentomatoes.com/m/20_feet_from_stardom
7,20th Century Women,2016,20th_century_women,https://www.rottentomatoes.com/m/20th_century_women
8,4.1 Miles,2016,41_miles,https://www.rottentomatoes.com/m/41_miles
9,45 Years,2015,45_years,https://www.rottentomatoes.com/m/45_years
10,5 Broken Cameras,2011,5_broken_cameras,https://www.rottentomatoes.com/m/5_broken_cameras
11,A Beautiful Day in the Neighborhood,2019,a_beautiful_day_in_the_neighborhood,https://www.rottentomatoes.com/m/a_beautiful_day_in_the_neighborhood
12,A Better Life,2011,a_better_life,https://www.rottentomatoes.com/m/a_better_life
13,A Cat in Paris,2010,a_cat_in_paris,https://www.rottentomatoes.com/m/a_cat_in_paris
14,A Concerto Is a Conversation,2021,a_concerto_is_a_conversation,https://www.rottentomatoes.com/m/a_concerto_is_a_conversation
15,A Fantastic Woman,2017,a_fantastic_woman,https://www.rottentomatoes.com/m/a_fantastic_woman
16,A Girl in the River: The Price of Forgiveness,2015,a_girl_in_the_river_the_price_of_forgiveness,https://www.rottentomatoes.com/m/a_girl_in_the_river_the_price_of_forgiveness
17,A House Made of Splinters,2022,a_house_made_of_splinters,https://www.rottentomatoes.com/m/a_house_made_of_splinters
18,A Love Song for Latasha,2019,a_love_song_for_latasha,https://www.rottentomatoes.com/m/a_love_song_for_latasha
19,A Man Called Ove,2015,a_man_called_ove,https://www.rottentomatoes.com/m/a_man_called_ove
20,A Morning Stroll,2011,a_morning_stroll,https://www.rottentomatoes.com/m/a_morning_stroll
21,A Night at the Garden,2017,a_night_at_the_garden,https://www.rottentomatoes.com/m/a_night_at_the_garden
22,A Prophet,2009,a_prophet,https://www.rottentomatoes.com/m/a_prophet
23,A Quiet Place,2018,a_quiet_place,https://www.rottentomatoes.com/m/a_quiet_place
24,A Royal Affair,2012,a_royal_affair,https://www.rottentomatoes.com/m/a_royal_affair
25,A Separation,2011,a_separation,https://www.rottentomatoes.com/m/a_separation_2011
26,A Serious Man,2009,a_serious_man,https://www.rottentomatoes.com/m/a_serious_man
27,A Shaun the Sheep Movie: Farmageddon,2019,a_shaun_the_sheep_movie_farmageddon,https://www.rottentomatoes.com/m/a_shaun_the_sheep_movie_farmageddon
28,A Single Life,2014,a_single_life,https://www.rottentomatoes.com/m/a_single_life_2014
29,A Single Man,2009,1218217-single_man,https://www.rottentomatoes.com/m/1218217-single_man
30,A Sister,2018,a_sister,https://www.rottentomatoes.com/m/a_sister
31,A Star Is Born,2018,a_star_is_born,https://www.rottentomatoes.com/m/a_star_is_born
32,A War,2015,a_war,https://www.rottentomatoes.com/m/a_war
33,Abacus: Small Enough to Jail,2016,abacus_small_enough_to_jail,https://www.rottentomatoes.com/m/abacus_small_enough_to_jail
34,Ad Astra,2019,ad_astra,https://www.rottentomatoes.com/m/ad_astra
35,Adam and Dog,2011,adam_and_dog,https://www.rottentomatoes.com/m/adam_and_dog
36,Affairs of the Art,2021,affairs_of_the_art,https://www.rottentomatoes.com/m/affairs_of_the_art
37,Aftersun,2022,aftersun,https://www.rottentomatoes.com/m/aftersun
38,Ajami,2009,ajami,https://www.rottentomatoes.com/m/ajami
39,Ala kachuu,2020,ala_kachuu_take_and_run,https://www.rottentomatoes.com/m/ala_kachuu_take_and_run
40,Albert Nobbs,2011,albert_nobbs,https://www.rottentomatoes.com/m/albert_nobbs
41,Alice in Wonderland,2010,1221547-alice_in_wonderland,https://www.rottentomatoes.com/m/1221547-alice_in_wonderland
42,All Is Lost,2013,all_is_lost,https://www.rottentomatoes.com/m/all_is_lost
43,All Quiet on the Western Front,2022,all_quiet_on_the_western_front,https://www.rottentomatoes.com/m/all_quiet_on_the_western_front_2022
44,All That Breathes,2022,all_that_breathes,https://www.rottentomatoes.com/m/all_that_breathes
45,All the Beauty and the Bloodshed,2022,all_the_beauty_and_the_bloodshed,https://www.rottentomatoes.com/m/all_the_beauty_and_the_bloodshed
46,All the Money in the World,2017,all_the_money_in_the_world,https://www.rottentomatoes.com/m/all_the_money_in_the_world
47,Allied,2016,allied,https://www.rottentomatoes.com/m/allied
48,American Factory,2019,american_factory,https://www.rottentomatoes.com/m/american_factory
49,American Fiction,2023,american_fiction,https://www.rottentomatoes.com/m/american_fiction
50,American Hustle,2013,american_hustle,https://www.rottentomatoes.com/m/american_hustle
51,American Sniper,2014,american_sniper,https://www.rottentomatoes.com/m/american_sniper
52,Amour,2012,amour,https://www.rottentomatoes.com/m/amour_2012
53,Amy,2015,amy,https://www.rottentomatoes.com/m/amy_2015
54,An Education,2009,an_education,https://www.rottentomatoes.com/m/an_education
55,An Irish Goodbye,2022,an_irish_goodbye,https://www.rottentomatoes.com/m/an_irish_goodbye
56,An Ostrich Told Me the World Is Fake and I Think I Believe It,2022,an_ostrich_told_me_the_world_is_fake_and_i_think_i_believe_it,https://www.rottentomatoes.com/m/an_ostrich_told_me_the_world_is_fake_and_i_think_i_believe_it
57,Anatomy of a Fall,2023,anatomy_of_a_fall,https://www.rottentomatoes.com/m/anatomy_of_a_fall
58,Animal Behaviour,2018,animal_behaviour,https://www.rottentomatoes.com/m/animal_behaviour
59,Animal Kingdom,2010,animal_kingdom,https://www.rottentomatoes.com/m/animal_kingdom
60,Anna Karenina,2012,anna_karenina,https://www.rottentomatoes.com/m/anna_karenina_2012
61,Anomalisa,2015,anomalisa,https://www.rottentomatoes.com/m/anomalisa
62,Anonymous,2011,anonymous,https://www.rottentomatoes.com/m/anonymous_2011
63,Another Round,2020,another_round,https://www.rottentomatoes.com/m/another_round
64,Another Year,2010,another_year,https://www.rottentomatoes.com/m/another_year
65,"Argentina, 1985",2022,argentina_1985,https://www.rottentomatoes.com/m/argentina_1985
66,Argo,2012,argo,https://www.rottentomatoes.com/m/argo_2012
67,Arrival,2016,arrival,https://www.rottentomatoes.com/m/arrival_2016
68,Asad,2012,asad,https://www.rottentomatoes.com/m/asad
69,Ascension,2021,ascension,https://www.rottentomatoes.com/m/ascension_2021
70,At Eternity's Gate,2018,at_eternitys_gate,https://www.rottentomatoes.com/m/at_eternitys_gate
71,Attica,2021,attica,https://www.rottentomatoes.com/m/attica_2021
72,Audible,2021,audible,https://www.rottentomatoes.com/m/audible
73,Auf der Strecke,2007,auf_der_strecke,https://www.rottentomatoes.com/m/auf_der_strecke_2007
74,August: Osage County,2013,august_osage_county,https://www.rottentomatoes.com/m/august_osage_county
75,Australia,2008,australia,https://www.rottentomatoes.com/m/australia
76,Avatar,2009,avatar,https://www.rottentomatoes.com/m/avatar
77,Avatar: The Way of Water,2022,avatar_the_way_of_water,https://www.rottentomatoes.com/m/avatar_the_way_of_water
78,Ave Maria,2015,771428498,https://www.rottentomatoes.com/m/771428498
79,Avengers: Endgame,2019,avengers_endgame,https://www.rottentomatoes.com/m/avengers_endgame
80,Avengers: Infinity War,2018,avengers_infinity_war,https://www.rottentomatoes.com/m/avengers_infinity_war
81,Aya,2012,aya,https://www.rottentomatoes.com/m/aya_2012
82,Baby Driver,2017,baby_driver,https://www.rottentomatoes.com/m/baby_driver
83,Babylon,2022,babylon,https://www.rottentomatoes.com/m/babylon_2022
84,Bao,2018,bao,https://www.rottentomatoes.com/m/bao
85,Bardo: False Chronicle of a Handful of Truths,2022,bardo_false_chronicle_of_a_handful_of_truths,https://www.rottentomatoes.com/m/bardo_false_chronicle_of_a_handful_of_truths
86,Barney's Version,2010,barneys_version,https://www.rottentomatoes.com/m/barneys_version
87,Bear Story,2014,bear_story,https://www.rottentomatoes.com/m/bear_story
88,Beast,2021,beast,https://www.rottentomatoes.com/m/beast_2021
89,Beasts of the Southern Wild,2012,beasts_of_the_southern_wild,https://www.rottentomatoes.com/m/beasts_of_the_southern_wild
90,Beauty and the Beast,2017,beauty_and_the_beast,https://www.rottentomatoes.com/m/beauty_and_the_beast_2017
91,Before Midnight,2013,before_midnight,https://www.rottentomatoes.com/m/before_midnight_2013
92,Beginners,2010,beginners,https://www.rottentomatoes.com/m/beginners
93,Being the Ricardos,2021,being_the_ricardos,https://www.rottentomatoes.com/m/being_the_ricardos
94,Belfast,2021,belfast,https://www.rottentomatoes.com/m/belfast
95,Better Days,2019,better_days,https://www.rottentomatoes.com/m/better_days
96,Big Hero 6,2014,big_hero_6,https://www.rottentomatoes.com/m/big_hero_6
97,Birdman or (The Unexpected Virtue of Ignorance),2014,birdman,https://www.rottentomatoes.com/m/birdman_2014
98,Biutiful,2010,biutiful,https://www.rottentomatoes.com/m/biutiful
99,BlacKkKlansman,2018,blackkklansman,https://www.rottentomatoes.com/m/blackkklansman
100,Black Panther,2018,black_panther,https://www.rottentomatoes.com/m/black_panther_2018
101,Black Panther: Wakanda Forever,2022,black_panther_wakanda_forever,https://www.rottentomatoes.com/m/black_panther_wakanda_forever
102,Black Sheep,2018,black_sheep,https://www.rottentomatoes.com/m/black_sheep_2018
103,Black Swan,2010,black_swan,https://www.rottentomatoes.com/m/black_swan_2010
104,Blade Runner 2049,2017,blade_runner_2049,https://www.rottentomatoes.com/m/blade_runner_2049
105,Blind Vaysha,2016,blind_vaysha,https://www.rottentomatoes.com/m/blind_vaysha
106,Blonde,2022,blonde,https://www.rottentomatoes.com/m/blonde
107,Blue Jasmine,2013,blue_jasmine,https://www.rottentomatoes.com/m/blue_jasmine
108,Blue Valentine,2010,blue_valentine,https://www.rottentomatoes.com/m/blue_valentine
109,Bobi Wine: The People's President,2022,bobi_wine_the_peoples_president,https://www.rottentomatoes.com/m/bobi_wine_the_peoples_president
110,Body Team 12,2015,body_team_12,https://www.rottentomatoes.com/m/body_team_12
111,Bohemian Rhapsody,2018,bohemian_rhapsody,https://www.rottentomatoes.com/m/bohemian_rhapsody
112,Bolt,2008,bolt,https://www.rottentomatoes.com/m/bolt
113,Bombshell,2019,bombshell,https://www.rottentomatoes.com/m/bombshell_2019
114,Boogaloo and Graham,2014,boogaloo_and_graham,https://www.rottentomatoes.com/m/boogaloo_and_graham
115,Borat Subsequent Moviefilm,2020,borat_subsequent_moviefilm,https://www.rottentomatoes.com/m/borat_subsequent_moviefilm
116,Border,2018,border,https://www.rottentomatoes.com/m/border_2018
117,Borrowed Time,2015,borrowed_time,https://www.rottentomatoes.com/m/borrowed_time_2015
118,Boxballet,2021,boxballet,https://www.rottentomatoes.com/m/boxballet
119,Boyhood,2014,boyhood,https://www.rottentomatoes.com/m/boyhood
120,Brave,2012,brave,https://www.rottentomatoes.com/m/brave
121,Bridesmaids,2011,bridesmaids,https://www.rottentomatoes.com/m/bridesmaids_2011
122,Bridge of Spies,2015,bridge_of_spies,https://www.rottentomatoes.com/m/bridge_of_spies
123,Bright Star,2009,bright_star,https://www.rottentomatoes.com/m/bright_star
124,Brooklyn,2015,brooklyn,https://www.rottentomatoes.com/m/brooklyn
125,Brotherhood,2018,brotherhood,https://www.rottentomatoes.com/m/brotherhood_2018
126,Bujaeui gieok,2018,bujaeui_gieok,https://www.rottentomatoes.com/m/bujaeui_gieok_2018
127,Bullhead,2011,bullhead,https://www.rottentomatoes.com/m/bullhead
128,Burma VJ: Reporting from a Closed Country,2008,burma-vj,https://www.rottentomatoes.com/m/burma-vj
129,Burrow,2020,burrow,https://www.rottentomatoes.com/m/burrow_2020
130,Butter Lamp,2013,butter_lamp,https://www.rottentomatoes.com/m/butter_lamp
131,Buzkashi Boys,2012,buzkashi_boys,https://www.rottentomatoes.com/m/buzkashi_boys
132,CODA,2021,coda,https://www.rottentomatoes.com/m/coda_2021
133,Call Me by Your Name,2017,call_me_by_your_name,https://www.rottentomatoes.com/m/call_me_by_your_name
134,Can You Ever Forgive Me?,2018,can_you_ever_forgive_me,https://www.rottentomatoes.com/m/can_you_ever_forgive_me
135,Capernaum,2018,capernaum,https://www.rottentomatoes.com/m/capernaum
136,Captain America: The Winter Soldier,2014,captain_america_the_winter_soldier,https://www.rottentomatoes.com/m/captain_america_the_winter_soldier
137,Captain Fantastic,2016,captain_fantastic,https://www.rottentomatoes.com/m/captain_fantastic
138,Captain Phillips,2013,captain_phillips,https://www.rottentomatoes.com/m/captain_phillips
139,Carol,2015,carol,https://www.rottentomatoes.com/m/carol
140,Cartel Land,2015,cartel_land,https://www.rottentomatoes.com/m/cartel_land
141,Causeway,2022,causeway,https://www.rottentomatoes.com/m/causeway
142,Cavedigger,2013,cavedigger,https://www.rottentomatoes.com/m/cavedigger
143,Changeling,2008,1191742_changeling,https://www.rottentomatoes.com/m/1191742_changeling
144,"Chau, Beyond the Lines",2015,chau_beyond_the_lines,https://www.rottentomatoes.com/m/chau_beyond_the_lines
145,Chico & Rita,2010,chico_and_rita,https://www.rottentomatoes.com/m/chico_and_rita
146,China's Unnatural Disaster: The Tears of Sichuan Province,2009,chinas-unnatural-disaster-the-tears-of-sichuan-province,https://www.rottentomatoes.com/m/chinas-unnatural-disaster-the-tears-of-sichuan-province
147,Christopher Robin,2018,christopher_robin,https://www.rottentomatoes.com/m/christopher_robin
148,Cinderella,2015,cinderella,https://www.rottentomatoes.com/m/cinderella_2015
149,Citizenfour,2014,citizenfour,https://www.rottentomatoes.com/m/citizenfour
150,Claude Lanzmann: Spectres of the Shoah,2015,claude_lanzmann_spectres_of_the_shoah,https://www.rottentomatoes.com/m/claude_lanzmann_spectres_of_the_shoah
151,Close,2022,close,https://www.rottentomatoes.com/m/close_2022
152,Coco,2017,coco,https://www.rottentomatoes.com/m/coco_2017
153,Coco Before Chanel,2009,coco_before_chanel,https://www.rottentomatoes.com/m/coco_before_chanel
154,Cold War,2018,cold_war,https://www.rottentomatoes.com/m/cold_war_2018
155,Colette,2020,colette,https://www.rottentomatoes.com/m/colette_2020
156,Collective,2019,collective,https://www.rottentomatoes.com/m/collective_2019
157,Coming 2 America,2021,coming_2_america,https://www.rottentomatoes.com/m/coming_2_america
158,Coraline,2009,coraline,https://www.rottentomatoes.com/m/coraline
159,Corpus Christi,2019,corpus_christi,https://www.rottentomatoes.com/m/corpus_christi_2019
160,Crazy Heart,2009,crazy_heart,https://www.rottentomatoes.com/m/crazy_heart
161,Creed,2015,creed,https://www.rottentomatoes.com/m/creed
162,Crip Camp,2020,crip_camp,https://www.rottentomatoes.com/m/crip_camp
163,Crisis Hotline: Veterans Press 1,2013,crisis_hotline_veterans_press_1,https://www.rottentomatoes.com/m/crisis_hotline_veterans_press_1
164,Cruella,2021,cruella,https://www.rottentomatoes.com/m/cruella
165,Curfew,2012,curfew,https://www.rottentomatoes.com/m/curfew_2012
166,Cutie and the Boxer,2013,cutie_and_the_boxer,https://www.rottentomatoes.com/m/cutie_and_the_boxer
167,Cyrano,2021,cyrano,https://www.rottentomatoes.com/m/cyrano
168,Da 5 Bloods,2020,da_5_bloods,https://www.rottentomatoes.com/m/da_5_bloods
169,Dallas Buyers Club,2013,dallas_buyers_club,https://www.rottentomatoes.com/m/dallas_buyers_club
170,Darkest Hour,2017,darkest_hour,https://www.rottentomatoes.com/m/darkest_hour_2017
171,Daughter,2019,daughter,https://www.rottentomatoes.com/m/daughter
172,Dawn of the Planet of the Apes,2014,dawn_of_the_planet_of_the_apes,https://www.rottentomatoes.com/m/dawn_of_the_planet_of_the_apes
173,Day & Night,2010,day_and_night,https://www.rottentomatoes.com/m/day_and_night_2010
174,Day One,2015,day_one,https://www.rottentomatoes.com/m/day_one_2015
175,DeKalb Elementary,2017,dekalb_elementary,https://www.rottentomatoes.com/m/dekalb_elementary
176,Dear Basketball,2017,dear_basketball,https://www.rottentomatoes.com/m/dear_basketball
177,Death of a Shadow,2012,death_of_a_shadow,https://www.rottentomatoes.com/m/death_of_a_shadow
178,Deepwater Horizon,2016,deepwater_horizon,https://www.rottentomatoes.com/m/deepwater_horizon
179,Defiance,2008,defiance,https://www.rottentomatoes.com/m/defiance_2008
180,Departures,2008,10010675-departures,https://www.rottentomatoes.com/m/10010675-departures
181,Despicable Me 2,2013,despicable_me_2,https://www.rottentomatoes.com/m/despicable_me_2
182,Detainment,2018,detainment,https://www.rottentomatoes.com/m/detainment
183,Dirty Wars,2013,dirty_wars,https://www.rottentomatoes.com/m/dirty_wars
184,District 9,2009,district_9,https://www.rottentomatoes.com/m/district_9
185,Django Unchained,2012,django_unchained,https://www.rottentomatoes.com/m/django_unchained
186,Do Not Split,2020,do_not_split,https://www.rottentomatoes.com/m/do_not_split
187,Doctor Strange,2016,doctor_strange,https://www.rottentomatoes.com/m/doctor_strange_2016
188,Dogtooth,2009,dogtooth,https://www.rottentomatoes.com/m/dogtooth
189,Don't Look Up,2021,dont_look_up,https://www.rottentomatoes.com/m/dont_look_up_2021
190,Doubt,2008,doubt,https://www.rottentomatoes.com/m/doubt
191,Drive,2011,drive,https://www.rottentomatoes.com/m/drive_2011
192,Drive My Car,2021,drive_my_car,https://www.rottentomatoes.com/m/drive_my_car
193,Dune,2021,dune,https://www.rottentomatoes.com/m/dune_2021
194,Dunkirk,2017,dunkirk,https://www.rottentomatoes.com/m/dunkirk_2017
195,EO,2022,eo,https://www.rottentomatoes.com/m/eo
196,Edith+Eddie,2017,editheddie,https://www.rottentomatoes.com/m/editheddie
197,El Conde,2023,el_conde,https://www.rottentomatoes.com/m/el_conde
198,Elemental,2023,elemental,https://www.rottentomatoes.com/m/elemental_2023
199,Elle,2016,elle,https://www.rottentomatoes.com/m/elle_2016
200,Elvis,2022,elvis,https://www.rottentomatoes.com/m/elvis
201,Embrace of the Serpent,2015,embrace_of_the_serpent,https://www.rottentomatoes.com/m/embrace_of_the_serpent
202,Emma.,2020,emma,https://www.rottentomatoes.com/m/emma_2020
203,Empire of Light,2022,empire_of_light,https://www.rottentomatoes.com/m/empire_of_light
204,Encanto,2021,encanto,https://www.rottentomatoes.com/m/encanto_2021
205,Encounters at the End of the World,2007,1194818-encounters_at_the_end_of_the_world,https://www.rottentomatoes.com/m/1194818-encounters_at_the_end_of_the_world
206,End Game,2018,end_game,https://www.rottentomatoes.com/m/end_game_2018
207,Enemies Within,2016,enemies_within,https://www.rottentomatoes.com/m/enemies_within
208,Ernest & Celestine,2012,ernest_and_celestine,https://www.rottentomatoes.com/m/ernest_and_celestine
209,Everything Everywhere All at Once,2022,everything_everywhere_all_at_once,https://www.rottentomatoes.com/m/everything_everywhere_all_at_once
210,Everything Will Be Okay,2015,grill_gut_alles_gut,https://www.rottentomatoes.com/m/grill_gut_alles_gut
211,Ex Machina,2014,ex_machina,https://www.rottentomatoes.com/m/ex_machina
212,Exit Through the Gift Shop,2010,exit_through_the_gift_shop,https://www.rottentomatoes.com/m/exit_through_the_gift_shop
213,Extremely Loud & Incredibly Close,2011,extremely_loud_and_incredibly_close,https://www.rottentomatoes.com/m/extremely_loud_and_incredibly_close
214,Extremis,2016,extremis,https://www.rottentomatoes.com/m/extremis
215,Faces Places,2017,faces_places,https://www.rottentomatoes.com/m/faces_places
216,Facing Fear,2013,facing_fear,https://www.rottentomatoes.com/m/facing_fear_2013
217,Fantastic Beasts and Where to Find Them,2016,fantastic_beasts_and_where_to_find_them,https://www.rottentomatoes.com/m/fantastic_beasts_and_where_to_find_them
218,Fantastic Mr. Fox,2009,1197696-fantastic_mr_fox,https://www.rottentomatoes.com/m/1197696-fantastic_mr_fox
219,Fauve,2018,fauve,https://www.rottentomatoes.com/m/fauve
220,Feast,2014,feast,https://www.rottentomatoes.com/m/feast_2014
221,Feeling Through,2019,feeling_through,https://www.rottentomatoes.com/m/feeling_through
222,Fences,2016,fences,https://www.rottentomatoes.com/m/fences_2016
223,Feral,2012,feral,https://www.rottentomatoes.com/m/feral_2012
224,Ferdinand,2017,ferdinand,https://www.rottentomatoes.com/m/ferdinand
225,Finding Vivian Maier,2013,finding_vivian_maier,https://www.rottentomatoes.com/m/finding_vivian_maier
226,Fire at Sea,2016,fire_at_sea,https://www.rottentomatoes.com/m/fire_at_sea_2016
227,Fire of Love,2022,fire_of_love,https://www.rottentomatoes.com/m/fire_of_love
228,First Man,2018,first_man,https://www.rottentomatoes.com/m/first_man
229,First Reformed,2017,first_reformed,https://www.rottentomatoes.com/m/first_reformed
230,Flee,2021,flee,https://www.rottentomatoes.com/m/flee
231,Flight,2012,flight,https://www.rottentomatoes.com/m/flight_2012
232,Florence Foster Jenkins,2016,florence_foster_jenkins,https://www.rottentomatoes.com/m/florence_foster_jenkins_2016
233,"Food, Inc.",2008,food_inc,https://www.rottentomatoes.com/m/food_inc
234,Footnote,2011,footnote,https://www.rottentomatoes.com/m/footnote
235,For Sama,2019,for_sama,https://www.rottentomatoes.com/m/for_sama
236,Ford v Ferrari,2019,ford_v_ferrari,https://www.rottentomatoes.com/m/ford_v_ferrari
237,Four Daughters,2023,four_daughters,https://www.rottentomatoes.com/m/four_daughters_2023
238,Foxcatcher,2014,foxcatcher,https://www.rottentomatoes.com/m/foxcatcher
239,Frankenweenie,2012,frankenweenie,https://www.rottentomatoes.com/m/frankenweenie_2012
240,Free Guy,2021,free_guy,https://www.rottentomatoes.com/m/free_guy
241,Free Solo,2018,free_solo,https://www.rottentomatoes.com/m/free_solo
242,French Roast,2009,french_roast,https://www.rottentomatoes.com/m/french_roast
243,Fresh Guacamole,2012,fresh_guacamole,https://www.rottentomatoes.com/m/fresh_guacamole
244,Frost/Nixon,2008,frostnixon,https://www.rottentomatoes.com/m/frostnixon
245,Frozen,2013,frozen,https://www.rottentomatoes.com/m/frozen_2013
246,Frozen River,2008,frozen_river,https://www.rottentomatoes.com/m/frozen_river
247,Garden Party,2017,garden_party,https://www.rottentomatoes.com/m/garden_party_2017
248,GasLand,2010,gasland,https://www.rottentomatoes.com/m/gasland
249,Genius Loci,2020,genius_loci,https://www.rottentomatoes.com/m/genius_loci_2020
250,Get Out,2017,get_out,https://www.rottentomatoes.com/m/get_out
251,Get a Horse!,2013,get_a_horse,https://www.rottentomatoes.com/m/get_a_horse
252,Glass Onion,2022,glass_onion_a_knives_out_mystery,https://www.rottentomatoes.com/m/glass_onion_a_knives_out_mystery
253,God Is the Bigger Elvis,2012,god_is_the_bigger_elvis,https://www.rottentomatoes.com/m/god_is_the_bigger_elvis_2012
254,God of Love,2010,god_of_love,https://www.rottentomatoes.com/m/god_of_love
255,Godzilla Minus One,2023,godzilla_minus_one,https://www.rottentomatoes.com/m/godzilla_minus_one
256,Golda,2023,golda_2022,https://www.rottentomatoes.com/m/golda_2022
257,Gone Girl,2014,gone_girl,https://www.rottentomatoes.com/m/gone_girl
258,Granny O'Grimm's Sleeping Beauty,2009,granny_ogrimms_sleeping_beauty,https://www.rottentomatoes.com/m/granny_ogrimms_sleeping_beauty
259,Gravity,2013,gravity,https://www.rottentomatoes.com/m/gravity_2013
260,Green Book,2018,green_book,https://www.rottentomatoes.com/m/green_book
261,Greyhound,2020,greyhound,https://www.rottentomatoes.com/m/greyhound
262,Grisen,2008,grisen,https://www.rottentomatoes.com/m/grisen_2008
263,Guardians of the Galaxy,2014,guardians_of_the_galaxy,https://www.rottentomatoes.com/m/guardians_of_the_galaxy
264,Guardians of the Galaxy Vol. 2,2017,guardians_of_the_galaxy_vol_2,https://www.rottentomatoes.com/m/guardians_of_the_galaxy_vol_2
265,Guardians of the Galaxy Vol. 3,2023,guardians_of_the_galaxy_vol_3,https://www.rottentomatoes.com/m/guardians_of_the_galaxy_vol_3
266,Guillermo del Toro's Pinocchio,2022,guillermo_del_toros_pinocchio,https://www.rottentomatoes.com/m/guillermo_del_toros_pinocchio
267,Hacksaw Ridge,2016,hacksaw_ridge,https://www.rottentomatoes.com/m/hacksaw_ridge
268,"Hail, Caesar!",2016,hail_caesar,https://www.rottentomatoes.com/m/hail_caesar_2016
269,Hair Love,2019,hair_love,https://www.rottentomatoes.com/m/hair_love
270,"Hale County This Morning, This Evening",2018,hale_county_this_morning_this_evening,https://www.rottentomatoes.com/m/hale_county_this_morning_this_evening
271,Happy-Go-Lucky,2008,1195103-happy_go_lucky,https://www.rottentomatoes.com/m/1195103-happy_go_lucky
272,Harriet,2019,harriet,https://www.rottentomatoes.com/m/harriet
273,Harry Potter and the Deathly Hallows: Part 1,2010,harry_potter_and_the_deathly_hallows_part_1,https://www.rottentomatoes.com/m/harry_potter_and_the_deathly_hallows_part_1
274,Harry Potter and the Deathly Hallows: Part 2,2011,harry_potter_and_the_deathly_hallows_part_2,https://www.rottentomatoes.com/m/harry_potter_and_the_deathly_hallows_part_2
275,Harry Potter and the Half-Blood Prince,2009,harry_potter_and_the_half_blood_prince,https://www.rottentomatoes.com/m/harry_potter_and_the_half_blood_prince
276,Haulout,2022,haulout,https://www.rottentomatoes.com/m/haulout
277,Head Over Heels,2012,head_over_heels,https://www.rottentomatoes.com/m/head_over_heels_2012
278,Heaven is a Traffic Jam on the 405,2016,heaven_is_a_traffic_jam_on_the_405,https://www.rottentomatoes.com/m/heaven_is_a_traffic_jam_on_the_405
279,Helium,2013,helium,https://www.rottentomatoes.com/m/helium
280,Hell and Back Again,2011,hell_and_back_again,https://www.rottentomatoes.com/m/hell_and_back_again
281,Hell or High Water,2016,hell_or_high_water,https://www.rottentomatoes.com/m/hell_or_high_water
282,Hellboy II: The Golden Army,2008,hellboy_2_the_golden_army,https://www.rottentomatoes.com/m/hellboy_2_the_golden_army
283,Henry,2011,henry,https://www.rottentomatoes.com/m/henry
284,Her,2013,her,https://www.rottentomatoes.com/m/her
285,Hereafter,2010,hereafter,https://www.rottentomatoes.com/m/hereafter
286,Heroin(e),2017,heroin,https://www.rottentomatoes.com/m/heroin
287,Hidden Figures,2016,hidden_figures,https://www.rottentomatoes.com/m/hidden_figures
288,Hillbilly Elegy,2020,hillbilly_elegy,https://www.rottentomatoes.com/m/hillbilly_elegy
289,Hitchcock,2012,hitchcock,https://www.rottentomatoes.com/m/hitchcock
290,Honeyland,2019,honeyland,https://www.rottentomatoes.com/m/honeyland
291,House of Gucci,2021,house_of_gucci,https://www.rottentomatoes.com/m/house_of_gucci
292,How Do You Measure a Year?,2021,how_do_you_measure_a_year,https://www.rottentomatoes.com/m/how_do_you_measure_a_year
293,How They Donut: A Matter of Loaf and Death,2009,wallace_and_gromit_a_matter_of_loaf_and_death_pands,https://www.rottentomatoes.com/m/wallace_and_gromit_a_matter_of_loaf_and_death_pands
294,How to Survive a Plague,2012,how_to_survive_a_plague,https://www.rottentomatoes.com/m/how_to_survive_a_plague
295,How to Train Your Dragon,2010,how_to_train_your_dragon,https://www.rottentomatoes.com/m/how_to_train_your_dragon
296,How to Train Your Dragon 2,2014,how_to_train_your_dragon_2,https://www.rottentomatoes.com/m/how_to_train_your_dragon_2
297,How to Train Your Dragon: The Hidden World,2019,how_to_train_your_dragon_the_hidden_world,https://www.rottentomatoes.com/m/how_to_train_your_dragon_the_hidden_world
298,Hugo,2011,hugo,https://www.rottentomatoes.com/m/hugo
299,Hunger Ward,2020,hunger_ward,https://www.rottentomatoes.com/m/hunger_ward
300,I Am Love,2009,i_am_love,https://www.rottentomatoes.com/m/i_am_love
301,I Am Not Your Negro,2016,i_am_not_your_negro,https://www.rottentomatoes.com/m/i_am_not_your_negro
302,I Lost My Body,2019,i_lost_my_body,https://www.rottentomatoes.com/m/i_lost_my_body
303,"I, Tonya",2017,i_tonya,https://www.rottentomatoes.com/m/i_tonya
304,Icarus,2017,icarus,https://www.rottentomatoes.com/m/icarus_2017
305,Ice Merchants,2022,ice_merchants,https://www.rottentomatoes.com/m/ice_merchants
306,Ida,2013,ida,https://www.rottentomatoes.com/m/ida_2013
307,If Anything Happens I Love You,2020,if_anything_happens_i_love_you,https://www.rottentomatoes.com/m/if_anything_happens_i_love_you
308,If Beale Street Could Talk,2018,if_beale_street_could_talk,https://www.rottentomatoes.com/m/if_beale_street_could_talk
309,If a Tree Falls: A Story of the Earth Liberation Front,2011,if_a_tree_falls_a_story_of_the_earth_liberation_front,https://www.rottentomatoes.com/m/if_a_tree_falls_a_story_of_the_earth_liberation_front
310,Il Divo,2008,il_divo,https://www.rottentomatoes.com/m/il_divo
311,In Bruges,2008,in_bruges,https://www.rottentomatoes.com/m/in_bruges
312,In Darkness,2011,in_darkness,https://www.rottentomatoes.com/m/in_darkness_2011
313,In a Better World,2010,in_a_better_world,https://www.rottentomatoes.com/m/in_a_better_world
314,In the Loop,2009,in_the_loop,https://www.rottentomatoes.com/m/in_the_loop
315,Incendies,2010,incendies,https://www.rottentomatoes.com/m/incendies
316,Inception,2010,inception,https://www.rottentomatoes.com/m/inception
317,Incident in New Baghdad,2011,incident_in_new_baghdad,https://www.rottentomatoes.com/m/incident_in_new_baghdad
318,Incredibles 2,2018,incredibles_2,https://www.rottentomatoes.com/m/incredibles_2
319,Indiana Jones and the Dial of Destiny,2023,indiana_jones_and_the_dial_of_destiny,https://www.rottentomatoes.com/m/indiana_jones_and_the_dial_of_destiny
320,Inglourious Basterds,2009,inglourious_basterds,https://www.rottentomatoes.com/m/inglourious_basterds
321,Inherent Vice,2014,inherent_vice,https://www.rottentomatoes.com/m/inherent_vice
322,Inocente,2012,inocente,https://www.rottentomatoes.com/m/inocente
323,Inside Job,2010,inside_job,https://www.rottentomatoes.com/m/inside_job
324,Inside Llewyn Davis,2013,inside_llewyn_davis,https://www.rottentomatoes.com/m/inside_llewyn_davis
325,Inside Out,2015,inside_out,https://www.rottentomatoes.com/m/inside_out_2015
326,Instead of Abracadabra,2008,instead_of_abracadabra,https://www.rottentomatoes.com/m/instead_of_abracadabra
327,Interstellar,2014,interstellar,https://www.rottentomatoes.com/m/interstellar
328,Into the Woods,2014,into_the_woods,https://www.rottentomatoes.com/m/into_the_woods_2014
329,Invictus,2009,invictus,https://www.rottentomatoes.com/m/invictus
330,Invincible,2022,invincible,https://www.rottentomatoes.com/m/invincible_2022
331,Io Capitano,2023,io_capitano,https://www.rottentomatoes.com/m/io_capitano
332,Iron Man,2008,iron_man,https://www.rottentomatoes.com/m/iron_man
333,Iron Man 2,2010,iron_man_2,https://www.rottentomatoes.com/m/iron_man_2
334,Iron Man 3,2013,iron_man_3,https://www.rottentomatoes.com/m/iron_man_3
335,Island in Between,2023,island_in_between,https://www.rottentomatoes.com/m/island_in_between
336,Isle of Dogs,2018,isle_of_dogs,https://www.rottentomatoes.com/m/isle_of_dogs_2018
337,Ivalu,2023,ivalu,https://www.rottentomatoes.com/m/ivalu
338,Jackass Presents: Bad Grandpa,2013,jackass_presents_bad_grandpa,https://www.rottentomatoes.com/m/jackass_presents_bad_grandpa
339,Jackie,2016,jackie,https://www.rottentomatoes.com/m/jackie_2016
340,Jane Eyre,2011,jane_eyre,https://www.rottentomatoes.com/m/jane_eyre_2011
341,Joanna,2013,771467811,https://www.rottentomatoes.com/m/771467811
342,Joe's Violin,2016,joes_violin,https://www.rottentomatoes.com/m/joes_violin
343,Jojo Rabbit,2019,jojo_rabbit,https://www.rottentomatoes.com/m/jojo_rabbit
344,Joker,2019,joker,https://www.rottentomatoes.com/m/joker_2019
345,Joy,2015,joy,https://www.rottentomatoes.com/m/joy_2015
346,Judas and the Black Messiah,2021,judas_and_the_black_messiah,https://www.rottentomatoes.com/m/judas_and_the_black_messiah
347,Judy,2019,judy,https://www.rottentomatoes.com/m/judy_2019
348,Julie & Julia,2009,julie_and_julia,https://www.rottentomatoes.com/m/julie_and_julia
349,Just Before Losing Everything,2013,just_before_losing_everything,https://www.rottentomatoes.com/m/just_before_losing_everything
350,Karama Has No Walls,2012,karama_has_no_walls,https://www.rottentomatoes.com/m/karama_has_no_walls
351,Kavi,2009,kavi,https://www.rottentomatoes.com/m/kavi
352,Killers of the Flower Moon,2023,killers_of_the_flower_moon,https://www.rottentomatoes.com/m/killers_of_the_flower_moon
353,Killing in the Name,2010,killing_in_the_name,https://www.rottentomatoes.com/m/killing_in_the_name
354,King Richard,2021,king_richard,https://www.rottentomatoes.com/m/king_richard
355,Kings Point,2012,kings_point,https://www.rottentomatoes.com/m/kings_point
356,Kitbull,2019,kitbull,https://www.rottentomatoes.com/m/kitbull
357,Klaus,2019,klaus,https://www.rottentomatoes.com/m/klaus
358,Knife Skills,2017,knife_skills,https://www.rottentomatoes.com/m/knife_skills
359,Knight of Fortune,2022,knight_of_fortune,https://www.rottentomatoes.com/m/knight_of_fortune
360,Knives Out,2019,knives_out,https://www.rottentomatoes.com/m/knives_out
361,Kon-Tiki,2012,kon_tiki,https://www.rottentomatoes.com/m/kon_tiki_2012
362,Kong: Skull Island,2017,kong_skull_island,https://www.rottentomatoes.com/m/kong_skull_island
363,Królik po berlinsku,2009,krolik_po_berlinsku,https://www.rottentomatoes.com/m/krolik_po_berlinsku
364,Kubo and the Two Strings,2016,kubo_and_the_two_strings,https://www.rottentomatoes.com/m/kubo_and_the_two_strings
365,Kung Fu Panda,2008,kung_fu_panda,https://www.rottentomatoes.com/m/kung_fu_panda
366,Kung Fu Panda 2,2011,kung_fu_panda_the_kaboom_of_doom,https://www.rottentomatoes.com/m/kung_fu_panda_the_kaboom_of_doom
367,La La Land,2016,la_la_land,https://www.rottentomatoes.com/m/la_la_land
368,La Luna,2011,la_luna,https://www.rottentomatoes.com/m/la_luna_2011
369,La femme et le TGV,2016,la_femme_et_le_tgv,https://www.rottentomatoes.com/m/la_femme_et_le_tgv
370,Lady Bird,2017,lady_bird,https://www.rottentomatoes.com/m/lady_bird
371,Land of Mine,2015,land_of_mine,https://www.rottentomatoes.com/m/land_of_mine
372,Last Day of Freedom,2015,last_day_of_freedom,https://www.rottentomatoes.com/m/last_day_of_freedom
373,Last Days in Vietnam,2014,last_days_in_vietnam,https://www.rottentomatoes.com/m/last_days_in_vietnam
374,Last Men in Aleppo,2017,last_men_in_aleppo,https://www.rottentomatoes.com/m/last_men_in_aleppo
375,Late Afternoon,2017,late_afternoon,https://www.rottentomatoes.com/m/late_afternoon
376,Le pupille,2022,le_pupille,https://www.rottentomatoes.com/m/le_pupille
377,Lead Me Home,2021,lead_me_home,https://www.rottentomatoes.com/m/lead_me_home
378,Learning to Skateboard in a Warzone (If You're a Girl),2019,learning_to_skateboard_in_a_warzone,https://www.rottentomatoes.com/m/learning_to_skateboard_in_a_warzone
379,Les Misérables,2012,les_miserables,https://www.rottentomatoes.com/m/les_miserables_2012
380,Les Misérables,2012,les_miserables,https://www.rottentomatoes.com/m/les_miserables_2012
381,Les Misérables,2019,les_miserables,https://www.rottentomatoes.com/m/les_miserables_2019
382,Les Misérables,2019,les_miserables,https://www.rottentomatoes.com/m/les_miserables_2019
383,Let's Pollute,2010,lets_pollute,https://www.rottentomatoes.com/m/lets_pollute
384,Letter to a Pig,2022,letter_to_a_pig,https://www.rottentomatoes.com/m/letter_to_a_pig
385,Leviathan,2014,leviathan,https://www.rottentomatoes.com/m/leviathan_2014
386,Licorice Pizza,2021,licorice_pizza,https://www.rottentomatoes.com/m/licorice_pizza
387,Life Overtakes Me,2019,life_overtakes_me,https://www.rottentomatoes.com/m/life_overtakes_me
388,Life of Pi,2012,life_of_pi,https://www.rottentomatoes.com/m/life_of_pi
389,"Life, Animated",2016,life_animated,https://www.rottentomatoes.com/m/life_animated
390,Lifeboat,2018,lifeboat_2019,https://www.rottentomatoes.com/m/lifeboat_2019
391,Lincoln,2012,lincoln,https://www.rottentomatoes.com/m/lincoln_2012
392,Lion,2016,lion,https://www.rottentomatoes.com/m/lion_2016
393,Little Women,2019,little_women,https://www.rottentomatoes.com/m/little_women_2019
394,Living,2022,living,https://www.rottentomatoes.com/m/living_2022
395,Logan,2017,logan,https://www.rottentomatoes.com/m/logan_2017
396,Logorama,2009,logorama,https://www.rottentomatoes.com/m/logorama
397,Lone Survivor,2013,lone_survivor,https://www.rottentomatoes.com/m/lone_survivor
398,Lou,2017,lou,https://www.rottentomatoes.com/m/lou_2017
399,Love and Monsters,2020,love_and_monsters,https://www.rottentomatoes.com/m/love_and_monsters
400,Loveless,2017,loveless,https://www.rottentomatoes.com/m/loveless_2017
401,Loving,2016,loving,https://www.rottentomatoes.com/m/loving_2016
402,Loving Vincent,2017,loving_vincent,https://www.rottentomatoes.com/m/loving_vincent
403,Luca,2021,luca,https://www.rottentomatoes.com/m/luca_2021
404,Lunana: A Yak in the Classroom,2019,lunana_a_yak_in_the_classroom,https://www.rottentomatoes.com/m/lunana_a_yak_in_the_classroom
405,Ma Rainey's Black Bottom,2020,ma_raineys_black_bottom,https://www.rottentomatoes.com/m/ma_raineys_black_bottom
406,Mad Max: Fury Road,2015,mad_max_fury_road,https://www.rottentomatoes.com/m/mad_max_fury_road
407,"Madagascar, a Journey Diary",2010,madagascar_a_journey_diary,https://www.rottentomatoes.com/m/madagascar_a_journey_diary
408,Maestro,2023,maestro,https://www.rottentomatoes.com/m/maestro_2023
409,Maleficent,2014,maleficent,https://www.rottentomatoes.com/m/maleficent
410,Maleficent: Mistress of Evil,2019,maleficent_mistress_of_evil,https://www.rottentomatoes.com/m/maleficent_mistress_of_evil
411,Man on Wire,2008,man_on_wire,https://www.rottentomatoes.com/m/man_on_wire
412,Manchester by the Sea,2016,manchester_by_the_sea,https://www.rottentomatoes.com/m/manchester_by_the_sea
413,Mank,2020,mank,https://www.rottentomatoes.com/m/mank
414,Manon sur le bitume,2007,manon_sur_le_bitume,https://www.rottentomatoes.com/m/manon_sur_le_bitume_2007
415,Marcel the Shell with Shoes On,2021,marcel_the_shell_with_shoes_on,https://www.rottentomatoes.com/m/marcel_the_shell_with_shoes_on
416,Margin Call,2011,margin_call,https://www.rottentomatoes.com/m/margin_call
417,Marguerite,2019,marguerite,https://www.rottentomatoes.com/m/marguerite_2019
418,Marriage Story,2019,marriage_story,https://www.rottentomatoes.com/m/marriage_story_2019
419,Mary Poppins Returns,2018,mary_poppins_returns,https://www.rottentomatoes.com/m/mary_poppins_returns
420,Mary Queen of Scots,2018,mary_queen_of_scots,https://www.rottentomatoes.com/m/mary_queen_of_scots
421,May December,2023,may_december,https://www.rottentomatoes.com/m/may_december
422,Me and My Moulton,2014,me_and_my_moulton,https://www.rottentomatoes.com/m/me_and_my_moulton
423,Memorable,2019,memorable,https://www.rottentomatoes.com/m/memorable
424,Midnight in Paris,2011,midnight_in_paris,https://www.rottentomatoes.com/m/midnight_in_paris
425,Milk,2008,milk,https://www.rottentomatoes.com/m/milk
426,Minari,2020,minari,https://www.rottentomatoes.com/m/minari
427,Minding the Gap,2018,minding_the_gap,https://www.rottentomatoes.com/m/minding_the_gap
428,Miracle Fish,2009,miracle_fish,https://www.rottentomatoes.com/m/miracle_fish
429,Mirai,2018,mirai,https://www.rottentomatoes.com/m/mirai
430,Mirror Mirror,2012,mirror_mirror,https://www.rottentomatoes.com/m/mirror_mirror_2012
431,Missing Link,2019,missing_link,https://www.rottentomatoes.com/m/missing_link_2019
432,Mission: Impossible - Dead Reckoning Part One,2023,mission_impossible_dead_reckoning_part_one,https://www.rottentomatoes.com/m/mission_impossible_dead_reckoning_part_one
433,Moana,2016,moana,https://www.rottentomatoes.com/m/moana_2016
434,Molly's Game,2017,mollys_game,https://www.rottentomatoes.com/m/mollys_game
435,Mondays at Racine,2011,mondays_at_racine,https://www.rottentomatoes.com/m/mondays_at_racine
436,Moneyball,2011,moneyball,https://www.rottentomatoes.com/m/moneyball
437,Monsieur Lazhar,2011,monsieur_lazhar,https://www.rottentomatoes.com/m/monsieur_lazhar
438,Moonlight,2016,moonlight,https://www.rottentomatoes.com/m/moonlight_2016
439,Moonrise Kingdom,2012,moonrise_kingdom,https://www.rottentomatoes.com/m/moonrise_kingdom
440,Mother,2019,mother,https://www.rottentomatoes.com/m/mother_2019
441,Mr Hublot,2013,mr_hublot,https://www.rottentomatoes.com/m/mr_hublot
442,Mr. Turner,2014,mr_turner,https://www.rottentomatoes.com/m/mr_turner
443,Mrs. Harris Goes to Paris,2022,mrs_harris_goes_to_paris,https://www.rottentomatoes.com/m/mrs_harris_goes_to_paris
444,Mudbound,2017,mudbound,https://www.rottentomatoes.com/m/mudbound
445,Mulan,2020,mulan,https://www.rottentomatoes.com/m/mulan_2020
446,Music by Prudence,2010,music_by_prudence_2011,https://www.rottentomatoes.com/m/music_by_prudence_2011
447,Mustang,2015,mustang,https://www.rottentomatoes.com/m/mustang_2015
448,My Life as a Zucchini,2016,my_life_as_a_zucchini,https://www.rottentomatoes.com/m/my_life_as_a_zucchini
449,My Nephew Emmett,2017,my_nephew_emmett,https://www.rottentomatoes.com/m/my_nephew_emmett
450,My Octopus Teacher,2020,my_octopus_teacher,https://www.rottentomatoes.com/m/my_octopus_teacher
451,My Week with Marilyn,2011,my_week_with_marilyn,https://www.rottentomatoes.com/m/my_week_with_marilyn
452,My Year of Dicks,2022,my_year_of_dicks,https://www.rottentomatoes.com/m/my_year_of_dicks
453,Na Wewe,2010,na_wewe,https://www.rottentomatoes.com/m/na_wewe
454,Nai Nai & Wài Pó,2023,nai_nai_and_wai_po,https://www.rottentomatoes.com/m/nai_nai_and_wai_po
455,Napoleon,2023,napoleon,https://www.rottentomatoes.com/m/napoleon_2023
456,Nattrikken,2020,nattrikken,https://www.rottentomatoes.com/m/nattrikken_2020
457,Navalny,2022,navalny,https://www.rottentomatoes.com/m/navalny
458,Nebraska,2013,nebraska,https://www.rottentomatoes.com/m/nebraska
459,Nefta Football Club,2018,nefta_football_club,https://www.rottentomatoes.com/m/nefta_football_club
460,Negative Space,2017,negative_space,https://www.rottentomatoes.com/m/negative_space_2017
461,Never Look Away,2018,never_look_away,https://www.rottentomatoes.com/m/never_look_away
462,New Boy,2007,new_boy,https://www.rottentomatoes.com/m/new_boy
463,News of the World,2020,news_of_the_world,https://www.rottentomatoes.com/m/news_of_the_world
464,Nightcrawler,2014,nightcrawler,https://www.rottentomatoes.com/m/nightcrawler
465,Nightmare Alley,2021,nightmare_alley,https://www.rottentomatoes.com/m/nightmare_alley_2021
466,Nimona,2023,nimona,https://www.rottentomatoes.com/m/nimona
467,Nine,2009,nine,https://www.rottentomatoes.com/m/nine_2009
468,Ninety-Five Senses,2023,ninety_five_senses,https://www.rottentomatoes.com/m/ninety_five_senses
469,No,2012,no,https://www.rottentomatoes.com/m/no_2012
470,No Time to Die,2021,no_time_to_die,https://www.rottentomatoes.com/m/no_time_to_die_2021
471,Nocturnal Animals,2016,nocturnal_animals,https://www.rottentomatoes.com/m/nocturnal_animals
472,Nomadland,2020,nomadland,https://www.rottentomatoes.com/m/nomadland
473,Nyad,2023,nyad,https://www.rottentomatoes.com/m/nyad
474,O.J.: Made in America,2016,oj_made_in_america,https://www.rottentomatoes.com/m/oj_made_in_america
475,Of Fathers and Sons,2017,of_fathers_and_sons,https://www.rottentomatoes.com/m/of_fathers_and_sons
476,Oktapodi,2007,oktapodi,https://www.rottentomatoes.com/m/oktapodi
477,Omar,2013,omar,https://www.rottentomatoes.com/m/omar
478,On Body and Soul,2017,on_body_and_soul,https://www.rottentomatoes.com/m/on_body_and_soul
479,On My Mind,2021,on_my_mind,https://www.rottentomatoes.com/m/on_my_mind
480,Once Upon a Time... in Hollywood,2019,once_upon_a_time_in_hollywood,https://www.rottentomatoes.com/m/once_upon_a_time_in_hollywood
481,One Night in Miami...,2020,one_night_in_miami,https://www.rottentomatoes.com/m/one_night_in_miami
482,One Small Step,2018,one_small_step,https://www.rottentomatoes.com/m/one_small_step
483,Onward,2020,onward,https://www.rottentomatoes.com/m/onward
484,Open Heart,2012,open_heart,https://www.rottentomatoes.com/m/open_heart
485,Opera,2020,opera,https://www.rottentomatoes.com/m/opera_2020
486,Oppenheimer,2023,oppenheimer,https://www.rottentomatoes.com/m/oppenheimer_2023
487,Our Curse,2013,our_curse,https://www.rottentomatoes.com/m/our_curse
488,Our Uniform,2023,our_uniform,https://www.rottentomatoes.com/m/our_uniform
489,Outside the Law,2010,outside_the_law,https://www.rottentomatoes.com/m/outside_the_law_2010
490,Over the Moon,2020,over_the_moon,https://www.rottentomatoes.com/m/over_the_moon_2020
491,Pachyderme,2022,pachyderme,https://www.rottentomatoes.com/m/pachyderme
492,Pain and Glory,2019,pain_and_glory,https://www.rottentomatoes.com/m/pain_and_glory
493,Paperman,2012,paperman,https://www.rottentomatoes.com/m/paperman_2012
494,ParaNorman,2012,paranorman,https://www.rottentomatoes.com/m/paranorman
495,Paradise Lost 3: Purgatory,2011,paradise_lost_3_purgatory,https://www.rottentomatoes.com/m/paradise_lost_3_purgatory
496,Parallel Mothers,2021,parallel_mothers,https://www.rottentomatoes.com/m/parallel_mothers
497,Parasite,2019,parasite,https://www.rottentomatoes.com/m/parasite_2019
498,Parvaneh,2012,parvaneh,https://www.rottentomatoes.com/m/parvaneh
499,Passengers,2016,passengers,https://www.rottentomatoes.com/m/passengers_2016
500,Past Lives,2023,past_lives,https://www.rottentomatoes.com/m/past_lives
501,Pear Cider and Cigarettes,2016,pear_cider_and_cigarettes,https://www.rottentomatoes.com/m/pear_cider_and_cigarettes
502,Pearl,2016,pearl,https://www.rottentomatoes.com/m/pearl_2016
503,Pentecost,2011,pentecost,https://www.rottentomatoes.com/m/pentecost
504,Perfect Days,2023,perfect_days,https://www.rottentomatoes.com/m/perfect_days_2023
505,Period. End of Sentence.,2018,period_end_of_sentence,https://www.rottentomatoes.com/m/period_end_of_sentence
506,Phantom Thread,2017,phantom_thread,https://www.rottentomatoes.com/m/phantom_thread
507,Philomena,2013,philomena,https://www.rottentomatoes.com/m/philomena
508,Pieces of a Woman,2020,pieces_of_a_woman,https://www.rottentomatoes.com/m/pieces_of_a_woman
509,Pina,2011,pina,https://www.rottentomatoes.com/m/pina_2011
510,Pinocchio,2019,pinocchio,https://www.rottentomatoes.com/m/pinocchio_2019
511,Piper,2016,piper,https://www.rottentomatoes.com/m/piper_2016
512,Pitääkö mun kaikki hoitaa?,2012,pitaako_mun_kaikki_hoitaa,https://www.rottentomatoes.com/m/pitaako_mun_kaikki_hoitaa
513,Please Hold,2020,please_hold,https://www.rottentomatoes.com/m/please_hold
514,Poor Things,2023,poor_things,https://www.rottentomatoes.com/m/poor_things
515,Possessions,2012,possessions,https://www.rottentomatoes.com/m/possessions
516,Poster Girl,2010,poster_girl,https://www.rottentomatoes.com/m/poster_girl
517,Precious,2009,precious,https://www.rottentomatoes.com/m/precious
518,Presto,2008,presto,https://www.rottentomatoes.com/m/presto
519,Prison Terminal: The Last Days of Private Jack Hall,2013,prison_terminal_the_last_days_of_private_jack_hall,https://www.rottentomatoes.com/m/prison_terminal_the_last_days_of_private_jack_hall
520,Prisoners,2013,prisoners,https://www.rottentomatoes.com/m/prisoners_2013
521,Prologue,2015,prologue,https://www.rottentomatoes.com/m/prologue_2015
522,Prometheus,2012,prometheus,https://www.rottentomatoes.com/m/prometheus_2012
523,Promising Young Woman,2020,promising_young_woman,https://www.rottentomatoes.com/m/promising_young_woman
524,Puss in Boots,2011,puss_in_boots,https://www.rottentomatoes.com/m/puss_in_boots_2011
525,Puss in Boots: The Last Wish,2022,puss_in_boots_the_last_wish,https://www.rottentomatoes.com/m/puss_in_boots_the_last_wish
526,"Quo Vadis, Aida?",2020,quo_vadis_aida,https://www.rottentomatoes.com/m/quo_vadis_aida
527,RBG,2018,rbg,https://www.rottentomatoes.com/m/rbg
528,Rabbit Hole,2010,rabbit_hole,https://www.rottentomatoes.com/m/rabbit_hole
529,Rachel Getting Married,2008,rachel_getting_married,https://www.rottentomatoes.com/m/rachel_getting_married
530,Raju,2011,raju,https://www.rottentomatoes.com/m/raju
531,Ralph Breaks the Internet,2018,ralph_breaks_the_internet,https://www.rottentomatoes.com/m/ralph_breaks_the_internet
532,Rango,2011,rango,https://www.rottentomatoes.com/m/rango
533,Raya and the Last Dragon,2021,raya_and_the_last_dragon,https://www.rottentomatoes.com/m/raya_and_the_last_dragon
534,Ready Player One,2018,ready_player_one,https://www.rottentomatoes.com/m/ready_player_one
535,Real Steel,2011,real_steel,https://www.rottentomatoes.com/m/real_steel
536,"Red, White and Blue",2023,red_white_and_blue,https://www.rottentomatoes.com/m/red_white_and_blue_2023
537,Redemption,2013,redemption,https://www.rottentomatoes.com/m/redemption_2013
538,Restrepo,2010,restrepo,https://www.rottentomatoes.com/m/restrepo
539,Revanche,2008,revanche,https://www.rottentomatoes.com/m/revanche
540,Revolting Rhymes,2016,revolting_rhymes,https://www.rottentomatoes.com/m/revolting_rhymes
541,Revolutionary Road,2008,revolutionary_road,https://www.rottentomatoes.com/m/revolutionary_road
542,Richard Jewell,2019,richard_jewell,https://www.rottentomatoes.com/m/richard_jewell
543,Rise of the Planet of the Apes,2011,rise_of_the_planet_of_the_apes,https://www.rottentomatoes.com/m/rise_of_the_planet_of_the_apes
544,Robin Robin,2021,robin_robin,https://www.rottentomatoes.com/m/robin_robin
545,Robot Dreams,2023,robot_dreams,https://www.rottentomatoes.com/m/robot_dreams
546,Rogue One: A Star Wars Story,2016,rogue_one_a_star_wars_story,https://www.rottentomatoes.com/m/rogue_one_a_star_wars_story
547,Roma,2018,roma,https://www.rottentomatoes.com/m/roma
548,"Roman J. Israel, Esq.",2017,roman_j_israel_esq,https://www.rottentomatoes.com/m/roman_j_israel_esq
549,Room,2015,room,https://www.rottentomatoes.com/m/room_2015
550,Room on the Broom,2012,room_on_the_broom,https://www.rottentomatoes.com/m/room_on_the_broom
551,Rustin,2023,rustin,https://www.rottentomatoes.com/m/rustin_2023
552,Salt,2010,1213717-salt,https://www.rottentomatoes.com/m/1213717-salt
553,Sanjay's Super Team,2015,sanjays_super_team,https://www.rottentomatoes.com/m/sanjays_super_team
554,Saria,2019,saria,https://www.rottentomatoes.com/m/saria
555,Saving Face,2012,saving_face,https://www.rottentomatoes.com/m/saving_face_2012
556,Saving Mr. Banks,2013,saving_mr_banks,https://www.rottentomatoes.com/m/saving_mr_banks
557,Searching for Sugar Man,2012,searching_for_sugar_man,https://www.rottentomatoes.com/m/searching_for_sugar_man_2012
558,Selma,2014,selma,https://www.rottentomatoes.com/m/selma
559,Shang-Chi and the Legend of the Ten Rings,2021,shang_chi_and_the_legend_of_the_ten_rings,https://www.rottentomatoes.com/m/shang_chi_and_the_legend_of_the_ten_rings
560,Shaun the Sheep Movie,2015,shaun_the_sheep_movie,https://www.rottentomatoes.com/m/shaun_the_sheep_movie
561,Sherlock Holmes,2009,sherlock_holmes,https://www.rottentomatoes.com/m/sherlock_holmes_2009
562,Shok,2015,shok,https://www.rottentomatoes.com/m/shok_2015
563,Shoplifters,2018,shoplifters,https://www.rottentomatoes.com/m/shoplifters
564,Sicario,2015,sicario,https://www.rottentomatoes.com/m/sicario_2015
565,Silence,2016,silence,https://www.rottentomatoes.com/m/silence_2016
566,Silent Nights,2016,silent_nights,https://www.rottentomatoes.com/m/silent_nights
567,Silver Linings Playbook,2012,silver_linings_playbook,https://www.rottentomatoes.com/m/silver_linings_playbook
568,Sing,2016,sing,https://www.rottentomatoes.com/m/sing_2016
569,Sister,2018,sister,https://www.rottentomatoes.com/m/sister_2018
570,Skin,2018,skin,https://www.rottentomatoes.com/m/skin
571,Skyfall,2012,skyfall,https://www.rottentomatoes.com/m/skyfall
572,Slumdog Millionaire,2008,slumdog_millionaire,https://www.rottentomatoes.com/m/slumdog_millionaire
573,Smile Pinki,2008,smile-pinki,https://www.rottentomatoes.com/m/smile-pinki
574,Snow White and the Huntsman,2012,snow_white_and_the_huntsman,https://www.rottentomatoes.com/m/snow_white_and_the_huntsman
575,Society of the Snow,2023,society_of_the_snow,https://www.rottentomatoes.com/m/society_of_the_snow
576,Solo: A Star Wars Story,2018,solo_a_star_wars_story,https://www.rottentomatoes.com/m/solo_a_star_wars_story
577,Son of Saul,2015,son_of_saul,https://www.rottentomatoes.com/m/son_of_saul
578,Song of the Sea,2014,song_of_the_sea,https://www.rottentomatoes.com/m/song_of_the_sea_2014
579,Soul,2020,soul,https://www.rottentomatoes.com/m/soul
580,Sound of Metal,2019,sound_of_metal,https://www.rottentomatoes.com/m/sound_of_metal
581,Spencer,2021,spencer,https://www.rottentomatoes.com/m/spencer_2021
582,Spider-Man: Across the Spider-Verse,2023,spider_man_across_the_spider_verse,https://www.rottentomatoes.com/m/spider_man_across_the_spider_verse
583,Spider-Man: Into the Spider-Verse,2018,spider_man_into_the_spider_verse,https://www.rottentomatoes.com/m/spider_man_into_the_spider_verse
584,Spider-Man: No Way Home,2021,spider_man_no_way_home,https://www.rottentomatoes.com/m/spider_man_no_way_home
585,Spielzeugland,2007,spielzeugland,https://www.rottentomatoes.com/m/spielzeugland
586,Spotlight,2015,spotlight,https://www.rottentomatoes.com/m/spotlight_2015
587,St. Louis Superman,2019,st_louis_superman,https://www.rottentomatoes.com/m/st_louis_superman
588,Star Trek,2009,star_trek,https://www.rottentomatoes.com/m/star_trek
589,Star Trek Beyond,2016,star_trek_beyond,https://www.rottentomatoes.com/m/star_trek_beyond
590,Star Trek Into Darkness,2013,star_trek_into_darkness,https://www.rottentomatoes.com/m/star_trek_into_darkness
591,Star Wars: Episode IX - The Rise of Skywalker,2019,star_wars_episode_ix_the_rise_of_skywalker,https://www.rottentomatoes.com/m/star_wars_the_rise_of_skywalker
592,Star Wars: Episode VII - The Force Awakens,2015,star_wars_episode_vii_the_force_awakens,https://www.rottentomatoes.com/m/star_wars_episode_vii_the_force_awakens
593,Star Wars: Episode VIII - The Last Jedi,2017,star_wars_episode_viii_the_last_jedi,https://www.rottentomatoes.com/m/star_wars_the_last_jedi
594,Steve Jobs,2015,steve_jobs,https://www.rottentomatoes.com/m/steve_jobs_2015
595,Still Alice,2014,still_alice,https://www.rottentomatoes.com/m/still_alice
596,Straight Outta Compton,2015,straight_outta_compton,https://www.rottentomatoes.com/m/straight_outta_compton
597,Stranger at the Gate,2022,stranger_at_the_gate,https://www.rottentomatoes.com/m/stranger_at_the_gate
598,Strangers No More,2010,strangers_no_more,https://www.rottentomatoes.com/m/strangers_no_more
599,Strong Island,2017,strong_island,https://www.rottentomatoes.com/m/strong_island
600,Stutterer,2015,stutterer,https://www.rottentomatoes.com/m/stutterer
601,Suicide Squad,2016,suicide_squad,https://www.rottentomatoes.com/m/suicide_squad_2016
602,Sully,2016,sully,https://www.rottentomatoes.com/m/sully
603,"Summer of Soul (...Or, When the Revolution Could Not Be Televised)",2021,summer_of_soul,https://www.rottentomatoes.com/m/summer_of_soul
604,Sun Come Up,2010,sun_come_up,https://www.rottentomatoes.com/m/sun_come_up
605,Sunday,2011,sunday,https://www.rottentomatoes.com/m/sunday_2011
606,TRON: Legacy,2010,10011582-tron_legacy,https://www.rottentomatoes.com/m/10011582-tron_legacy
607,Tangerines,2013,tangerines,https://www.rottentomatoes.com/m/tangerines
608,Tanna,2015,tanna,https://www.rottentomatoes.com/m/tanna
609,Tenet,2020,tenet,https://www.rottentomatoes.com/m/tenet
610,That Wasn't Me,2012,that_wasnt_me,https://www.rottentomatoes.com/m/that_wasnt_me
611,The 100 Year-Old Man Who Climbed Out the Window and Disappeared,2013,the_100_yearold_man_who_climbed_out_the_window_and_disappeared,https://www.rottentomatoes.com/m/the_100_year_old_man_who_climbed_out_the_window_and_disappeared
612,The ABCs of Book Banning,2023,the_abcs_of_book_banning,https://www.rottentomatoes.com/m/the_abcs_of_book_banning
613,The Act of Killing,2012,the_act_of_killing,https://www.rottentomatoes.com/m/the_act_of_killing
614,The Adventures of Tintin,2011,the_adventures_of_tintin,https://www.rottentomatoes.com/m/the_adventures_of_tintin
615,The After,2023,the_after,https://www.rottentomatoes.com/m/the_after
616,The Artist,2011,the_artist,https://www.rottentomatoes.com/m/the_artist
617,The Avengers,2012,the_avengers,https://www.rottentomatoes.com/m/the_avengers_2012
618,The Baader Meinhof Complex,2008,baader_meinhof_complex,https://www.rottentomatoes.com/m/baader_meinhof_complex
619,The Ballad of Buster Scruggs,2018,the_ballad_of_buster_scruggs,https://www.rottentomatoes.com/m/the_ballad_of_buster_scruggs
620,The Banshees of Inisherin,2022,the_banshees_of_inisherin,https://www.rottentomatoes.com/m/the_banshees_of_inisherin
621,The Barber of Birmingham: Foot Soldier of the Civil Rights Movement,2011,the_barber_of_birmingham_foot_soldier_of_the_civil_rights_movement,https://www.rottentomatoes.com/m/the_barber_of_birmingham_foot_soldier_of_the_civil_rights_movement
622,The Barber of Little Rock,2023,the_barber_of_little_rock,https://www.rottentomatoes.com/m/the_barber_of_little_rock
623,The Batman,2022,the_batman,https://www.rottentomatoes.com/m/the_batman
624,The Betrayal,2008,nerakhoon,https://www.rottentomatoes.com/m/nerakhoon
625,The Big Short,2015,the_big_short,https://www.rottentomatoes.com/m/the_big_short
626,The Big Sick,2017,the_big_sick,https://www.rottentomatoes.com/m/the_big_sick
627,The Bigger Picture,2014,the_bigger_picture,https://www.rottentomatoes.com/m/the_bigger_picture
628,The Blind Side,2009,the_blind_side,https://www.rottentomatoes.com/m/the_blind_side
629,The Book Thief,2013,the_book_thief,https://www.rottentomatoes.com/m/the_book_thief
630,The Boss Baby,2017,the_boss_baby,https://www.rottentomatoes.com/m/the_boss_baby
631,The Boxtrolls,2014,the_boxtrolls,https://www.rottentomatoes.com/m/the_boxtrolls
632,The Boy and the Heron,2023,the_boy_and_the_heron,https://www.rottentomatoes.com/m/the_boy_and_the_heron
633,The Boy and the World,2013,the_boy_and_the_world,https://www.rottentomatoes.com/m/the_boy_and_the_world
634,"The Boy, the Mole, the Fox and the Horse",2022,the_boy_the_mole_the_fox_and_the_horse,https://www.rottentomatoes.com/m/the_boy_the_mole_the_fox_and_the_horse
635,The Breadwinner,2017,the_breadwinner,https://www.rottentomatoes.com/m/the_breadwinner
636,The Broken Circle Breakdown,2012,the_broken_circle_breakdown,https://www.rottentomatoes.com/m/the_broken_circle_breakdown
637,The Cave,2019,the_cave,https://www.rottentomatoes.com/m/the_cave_2019
638,The Class,2008,the_class,https://www.rottentomatoes.com/m/the_class
639,The Color Purple,2023,the_color_purple,https://www.rottentomatoes.com/m/the_color_purple
640,The Confession,2010,the_confession,https://www.rottentomatoes.com/m/the_confession
641,The Conscience of Nhem En,2008,the-conscience-of-nhem-en,https://www.rottentomatoes.com/m/the-conscience-of-nhem-en
642,The Cove,2009,1208882-cove,https://www.rottentomatoes.com/m/1208882-cove
643,The Creator,2023,the_creator,https://www.rottentomatoes.com/m/the_creator_2023
644,The Croods,2013,the_croods,https://www.rottentomatoes.com/m/the_croods
645,The Crush,2009,the_crush,https://www.rottentomatoes.com/m/the_crush_2009
646,The Curious Case of Benjamin Button,2008,curious_case_of_benjamin_button,https://www.rottentomatoes.com/m/curious_case_of_benjamin_button
647,The Dam Keeper,2014,the_dam_keeper,https://www.rottentomatoes.com/m/the_dam_keeper
648,The Danish Girl,2015,the_danish_girl,https://www.rottentomatoes.com/m/the_danish_girl
649,The Dark Knight,2008,the_dark_knight,https://www.rottentomatoes.com/m/the_dark_knight
650,The Descendants,2011,the_descendants,https://www.rottentomatoes.com/m/the_descendants_2011
651,The Disaster Artist,2017,the_disaster_artist,https://www.rottentomatoes.com/m/the_disaster_artist
652,The Door,2008,the_door,https://www.rottentomatoes.com/m/the_door_2008
653,The Dress,2020,the_dress,https://www.rottentomatoes.com/m/the_dress_2020
654,The Duchess,2008,10009493-duchess,https://www.rottentomatoes.com/m/10009493-duchess
655,The Edge of Democracy,2019,the_edge_of_democracy,https://www.rottentomatoes.com/m/the_edge_of_democracy
656,The Elephant Whisperers,2022,the_elephant_whisperers,https://www.rottentomatoes.com/m/the_elephant_whisperers
657,The Eleven O'Clock,2016,the_eleven_oclock,https://www.rottentomatoes.com/m/the_eleven_oclock
658,The Eternal Memory,2023,the_eternal_memory,https://www.rottentomatoes.com/m/the_eternal_memory
659,The Eyes of Tammy Faye,2021,the_eyes_of_tammy_faye,https://www.rottentomatoes.com/m/the_eyes_of_tammy_faye_2021
660,The Fabelmans,2022,the_fabelmans,https://www.rottentomatoes.com/m/the_fabelmans
661,The Fantastic Flying Books of Mr. Morris Lessmore,2011,the_fantastic_flying_books_of_mr_morris_lessmore,https://www.rottentomatoes.com/m/the_fantastic_flying_books_of_mr_morris_lessmore
662,The Father,2020,the_father,https://www.rottentomatoes.com/m/the_father_2020
663,The Favourite,2018,the_favourite,https://www.rottentomatoes.com/m/the_favourite
664,The Fighter,2010,the_fighter,https://www.rottentomatoes.com/m/the_fighter
665,The Final Inch,2008,the-final-inch,https://www.rottentomatoes.com/m/the-final-inch
666,The Florida Project,2017,the_florida_project,https://www.rottentomatoes.com/m/the_florida_project
667,The Flying Sailor,2022,the_flying_sailor,https://www.rottentomatoes.com/m/the_flying_sailor
668,The Garden,2008,the_garden,https://www.rottentomatoes.com/m/the_garden_2008
669,The Gatekeepers,2012,the_gatekeepers,https://www.rottentomatoes.com/m/the_gatekeepers
670,The Girl with the Dragon Tattoo,2011,the_girl_with_the_dragon_tattoo,https://www.rottentomatoes.com/m/the_girl_with_the_dragon_tattoo
671,The Grand Budapest Hotel,2014,the_grand_budapest_hotel,https://www.rottentomatoes.com/m/the_grand_budapest_hotel
672,The Grandmaster,2013,the_grandmaster,https://www.rottentomatoes.com/m/the_grandmaster
673,The Great Beauty,2013,the_great_beauty,https://www.rottentomatoes.com/m/the_great_beauty
674,The Great Gatsby,2013,the_great_gatsby,https://www.rottentomatoes.com/m/the_great_gatsby_2013
675,The Gruffalo,2009,the_gruffalo,https://www.rottentomatoes.com/m/the_gruffalo
676,The Hand of God,2021,the_hand_of_god,https://www.rottentomatoes.com/m/the_hand_of_god
677,The Hateful Eight,2015,the_hateful_eight,https://www.rottentomatoes.com/m/the_hateful_eight
678,The Help,2011,the_help,https://www.rottentomatoes.com/m/the_help
679,The Hobbit: An Unexpected Journey,2012,the_hobbit_an_unexpected_journey,https://www.rottentomatoes.com/m/the_hobbit_an_unexpected_journey
680,The Hobbit: The Battle of the Five Armies,2014,the_hobbit_the_battle_of_the_five_armies,https://www.rottentomatoes.com/m/the_hobbit_the_battle_of_the_five_armies
681,The Hobbit: The Desolation of Smaug,2013,the_hobbit_the_desolation_of_smaug,https://www.rottentomatoes.com/m/the_hobbit_the_desolation_of_smaug
682,The Holdovers,2023,the_holdovers,https://www.rottentomatoes.com/m/the_holdovers
683,The House of Small Cubes,2008,la-maison-en-petits-cubes,https://www.rottentomatoes.com/m/la-maison-en-petits-cubes
684,The Hunt,2012,the_hunt,https://www.rottentomatoes.com/m/the_hunt_2012
685,The Hurt Locker,2008,the_hurt_locker,https://www.rottentomatoes.com/m/the_hurt_locker
686,The Ides of March,2011,the_ides_of_march,https://www.rottentomatoes.com/m/the_ides_of_march
687,The Illusionist,2010,the_illusionist,https://www.rottentomatoes.com/m/the_illusionist
688,The Imaginarium of Doctor Parnassus,2009,the_imaginarium_of_doctor_parnassus,https://www.rottentomatoes.com/m/the_imaginarium_of_doctor_parnassus
689,The Imitation Game,2014,the_imitation_game,https://www.rottentomatoes.com/m/the_imitation_game
690,The Impossible,2012,the_impossible,https://www.rottentomatoes.com/m/the_impossible
691,The Insult,2017,the_insult,https://www.rottentomatoes.com/m/the_insult
692,The Invisible War,2012,the_invisible_war,https://www.rottentomatoes.com/m/the_invisible_war_2012
693,The Invisible Woman,2013,the_invisible_woman,https://www.rottentomatoes.com/m/the_invisible_woman_2013
694,The Irishman,2019,the_irishman,https://www.rottentomatoes.com/m/the_irishman
695,The Iron Lady,2011,the_iron_lady,https://www.rottentomatoes.com/m/the_iron_lady
696,The Judge,2014,the_judge,https://www.rottentomatoes.com/m/the_judge_2014
697,The Jungle Book,2016,the_jungle_book,https://www.rottentomatoes.com/m/the_jungle_book_2016
698,The Kids Are All Right,2010,the_kids_are_all_right,https://www.rottentomatoes.com/m/the_kids_are_all_right
699,The King's Speech,2010,the_kings_speech,https://www.rottentomatoes.com/m/the_kings_speech
700,The Lady and the Reaper (La dama y la muerte),2009,the_lady_and_the_reaper,https://www.rottentomatoes.com/m/the_lady_and_the_reaper
701,The Lady in Number 6: Music Saved My Life,2013,the_lady_in_number_6_music_saved_my_life,https://www.rottentomatoes.com/m/the_lady_in_number_6_music_saved_my_life
702,The Last Campaign of Governor Booth Gardner,2009,the_last_campaign_of_governor_booth_gardner,https://www.rottentomatoes.com/m/the_last_campaign_of_governor_booth_gardner_2009
703,The Last Repair Shop,2023,the_last_repair_shop,https://www.rottentomatoes.com/m/the_last_repair_shop
704,The Last Station,2009,last_station,https://www.rottentomatoes.com/m/last_station
705,The Last Truck: Closing of a GM Plant,2009,the-last-truck-the-closing-of-a-gm-plant,https://www.rottentomatoes.com/m/the-last-truck-the-closing-of-a-gm-plant
706,The Letter Room,2020,the_letter_room,https://www.rottentomatoes.com/m/the_letter_room
707,The Lighthouse,2019,the_lighthouse,https://www.rottentomatoes.com/m/the_lighthouse_2019
708,The Lion King,2019,the_lion_king,https://www.rottentomatoes.com/m/the_lion_king_2019
709,The Lobster,2015,the_lobster,https://www.rottentomatoes.com/m/the_lobster
710,The Lone Ranger,2013,the_lone_ranger,https://www.rottentomatoes.com/m/the_lone_ranger
711,The Long Goodbye,2020,the_long_goodbye,https://www.rottentomatoes.com/m/the_long_goodbye
712,The Longest Daycare,2012,the_longest_daycare,https://www.rottentomatoes.com/m/the_longest_daycare
713,The Look of Silence,2014,the_look_of_silence,https://www.rottentomatoes.com/m/the_look_of_silence
714,The Lost Daughter,2021,the_lost_daughter,https://www.rottentomatoes.com/m/the_lost_daughter
715,The Lost Thing,2010,the_lost_thing,https://www.rottentomatoes.com/m/the_lost_thing
716,The Lovely Bones,2009,1189344-lovely_bones,https://www.rottentomatoes.com/m/1189344-lovely_bones
717,The Man Who Sold His Skin,2020,the_man_who_sold_his_skin,https://www.rottentomatoes.com/m/the_man_who_sold_his_skin
718,The Martha Mitchell Effect,2022,the_martha_mitchell_effect,https://www.rottentomatoes.com/m/the_martha_mitchell_effect
719,The Martian,2015,the_martian,https://www.rottentomatoes.com/m/the_martian
720,The Master,2012,the_master,https://www.rottentomatoes.com/m/the_master_2012
721,The Messenger,2009,the_messenger,https://www.rottentomatoes.com/m/the_messenger
722,The Midnight Sky,2020,the_midnight_sky,https://www.rottentomatoes.com/m/the_midnight_sky
723,The Milk of Sorrow,2009,milk_of_sorrow,https://www.rottentomatoes.com/m/milk_of_sorrow
724,The Missing Picture,2013,the_missing_picture,https://www.rottentomatoes.com/m/the_missing_picture
725,The Mitchells vs. the Machines,2021,the_mitchells_vs_the_machines,https://www.rottentomatoes.com/m/the_mitchells_vs_the_machines
726,The Mole Agent,2020,the_mole_agent,https://www.rottentomatoes.com/m/the_mole_agent
727,The Most Dangerous Man in America: Daniel Ellsberg and the Pentagon Papers,2009,daniel_ellsberg_doc,https://www.rottentomatoes.com/m/daniel_ellsberg_doc
728,The Neighbors' Window,2019,the_neighbors_window,https://www.rottentomatoes.com/m/the_neighbors_window
729,The New Tenants,2009,the_new_tenants,https://www.rottentomatoes.com/m/the_new_tenants
730,The One and Only Ivan,2020,the_one_and_only_ivan,https://www.rottentomatoes.com/m/the_one_and_only_ivan
731,The Phone Call,2013,the_phone_call,https://www.rottentomatoes.com/m/the_phone_call
732,The Pirates! Band of Misfits,2012,the_pirates_band_of_misfits,https://www.rottentomatoes.com/m/the_pirates_band_of_misfits
733,The Post,2017,the_post,https://www.rottentomatoes.com/m/the_post
734,The Power of the Dog,2021,the_power_of_the_dog,https://www.rottentomatoes.com/m/the_power_of_the_dog
735,The Present,2020,the_present_0000,https://www.rottentomatoes.com/m/the_present_0000
736,The Princess and the Frog,2009,the_princess_and_the_frog,https://www.rottentomatoes.com/m/the_princess_and_the_frog
737,The Queen of Basketball,2021,the_queen_of_basketball,https://www.rottentomatoes.com/m/the_queen_of_basketball
738,The Quiet Girl,2022,the_quiet_girl,https://www.rottentomatoes.com/m/the_quiet_girl
739,The Reader,2008,reader,https://www.rottentomatoes.com/m/reader
740,The Reaper,2013,the_reaper,https://www.rottentomatoes.com/m/the_reaper_2013
741,The Red Suitcase,2022,the_red_suitcase,https://www.rottentomatoes.com/m/the_red_suitcase
742,The Red Turtle,2016,the_red_turtle,https://www.rottentomatoes.com/m/the_red_turtle
743,The Revenant,2015,the_revenant,https://www.rottentomatoes.com/m/the_revenant_2015
744,The Salesman,2016,the_salesman,https://www.rottentomatoes.com/m/the_salesman_2016
745,The Salt of the Earth,2014,the_salt_of_the_earth,https://www.rottentomatoes.com/m/the_salt_of_the_earth
746,The Sea Beast,2022,the_sea_beast,https://www.rottentomatoes.com/m/the_sea_beast
747,The Secret in Their Eyes,2009,secret_in_their_eyes,https://www.rottentomatoes.com/m/secret_in_their_eyes
748,The Secret of Kells,2009,the_secret_of_kells,https://www.rottentomatoes.com/m/the_secret_of_kells
749,The Sessions,2012,the_sessions,https://www.rottentomatoes.com/m/the_sessions
750,The Shape of Water,2017,the_shape_of_water,https://www.rottentomatoes.com/m/the_shape_of_water_2017
751,The Shore,2011,the_shore,https://www.rottentomatoes.com/m/the_shore_2011
752,The Silent Child,2017,the_silent_child,https://www.rottentomatoes.com/m/the_silent_child
753,The Social Network,2010,the_social_network,https://www.rottentomatoes.com/m/the_social_network
754,The Square,2017,the_square,https://www.rottentomatoes.com/m/the_square_2017
755,The Tale of The Princess Kaguya,2013,the_tale_of_the_princess_kaguya,https://www.rottentomatoes.com/m/the_tale_of_the_princess_kaguya
756,The Teachers' Lounge,2023,the_teachers_lounge,https://www.rottentomatoes.com/m/the_teachers_lounge
757,The Tempest,2010,the_tempest,https://www.rottentomatoes.com/m/the_tempest_2010
758,The Theory of Everything,2014,the_theory_of_everything,https://www.rottentomatoes.com/m/the_theory_of_everything_2014
759,The Town,2010,the_town,https://www.rottentomatoes.com/m/the_town
760,The Tragedy of Macbeth,2021,the_tragedy_of_macbeth,https://www.rottentomatoes.com/m/the_tragedy_of_macbeth_2021
761,The Tree of Life,2011,the_tree_of_life,https://www.rottentomatoes.com/m/the_tree_of_life
762,The Trial of the Chicago 7,2020,the_trial_of_the_chicago_7,https://www.rottentomatoes.com/m/the_trial_of_the_chicago_7
763,The Tsunami and the Cherry Blossom,2011,the_tsunami_and_the_cherry_blossom,https://www.rottentomatoes.com/m/the_tsunami_and_the_cherry_blossom
764,The Two Popes,2019,the_two_popes,https://www.rottentomatoes.com/m/the_two_popes
765,The United States vs. Billie Holiday,2021,the_united_states_vs_billie_holiday,https://www.rottentomatoes.com/m/the_united_states_vs_billie_holiday
766,The Visitor,2007,10008820-visitor,https://www.rottentomatoes.com/m/10008820-visitor
767,The Voorman Problem,2011,the_voorman_problem,https://www.rottentomatoes.com/m/the_voorman_problem
768,The Warriors of Qiugang,2010,the_warriors_of_qiugang,https://www.rottentomatoes.com/m/the_warriors_of_qiugang
769,The Way Back,2010,the_way_back,https://www.rottentomatoes.com/m/the_way_back
770,The Whale,2022,the_whale,https://www.rottentomatoes.com/m/the_whale_2022
771,The White Helmets,2016,the_white_helmets,https://www.rottentomatoes.com/m/the_white_helmets
772,The White Ribbon,2009,the_white_ribbon,https://www.rottentomatoes.com/m/the_white_ribbon
773,The White Tiger,2021,the_white_tiger_2020,https://www.rottentomatoes.com/m/the_white_tiger_2020
774,The Wife,2017,the_wife_2018,https://www.rottentomatoes.com/m/the_wife_2018
775,The Wind Rises,2013,the_wind_rises,https://www.rottentomatoes.com/m/the_wind_rises
776,The Windshield Wiper,2021,the_windshield_wiper,https://www.rottentomatoes.com/m/the_windshield_wiper
777,The Witness from the Balcony of Room 306,2008,the_witness_from_the_balcony_of_room_306,https://www.rottentomatoes.com/m/the_witness_from_the_balcony_of_room_306_2008
778,The Wolf of Wall Street,2013,the_wolf_of_wall_street,https://www.rottentomatoes.com/m/the_wolf_of_wall_street_2013
779,The Wolfman,2010,1194949-wolfman,https://www.rottentomatoes.com/m/1194949-wolfman
780,The Wonderful Story of Henry Sugar,2023,the_wonderful_story_of_henry_sugar,https://www.rottentomatoes.com/m/the_wonderful_story_of_henry_sugar
781,The Worst Person in the World,2021,the_worst_person_in_the_world,https://www.rottentomatoes.com/m/the_worst_person_in_the_world
782,The Wrestler,2008,the_wrestler,https://www.rottentomatoes.com/m/the_wrestler
783,The Young Victoria,2009,young_victoria,https://www.rottentomatoes.com/m/young_victoria
784,The Zone of Interest,2023,the_zone_of_interest,https://www.rottentomatoes.com/m/the_zone_of_interest
785,Theeb,2014,theeb,https://www.rottentomatoes.com/m/theeb
786,This Way Up,2008,this_way_up,https://www.rottentomatoes.com/m/this_way_up_2008
787,"Three Billboards Outside Ebbing, Missouri",2017,three_billboards_outside_ebbing_missouri,https://www.rottentomatoes.com/m/three_billboards_outside_ebbing_missouri
788,Three Songs for Benazir,2021,three_songs_for_benazir,https://www.rottentomatoes.com/m/three_songs_for_benazir
789,Timbuktu,2014,timbuktu,https://www.rottentomatoes.com/m/timbuktu_2014
790,Time,2020,time,https://www.rottentomatoes.com/m/time_2020
791,Time Freak,2011,time_freak,https://www.rottentomatoes.com/m/time_freak
792,Timecode,2016,timecode,https://www.rottentomatoes.com/m/timecode_2016
793,Tinker Tailor Soldier Spy,2011,tinker_tailor_soldier_spy,https://www.rottentomatoes.com/m/tinker_tailor_soldier_spy
794,To Kill a Tiger,2022,to_kill_a_tiger,https://www.rottentomatoes.com/m/to_kill_a_tiger
795,To Leslie,2022,to_leslie,https://www.rottentomatoes.com/m/to_leslie
796,Toni Erdmann,2016,toni_erdmann,https://www.rottentomatoes.com/m/toni_erdmann
797,Top Gun: Maverick,2022,top_gun_maverick,https://www.rottentomatoes.com/m/top_gun_maverick
798,Toy Story 3,2010,toy_story_3,https://www.rottentomatoes.com/m/toy_story_3
799,Toy Story 4,2019,toy_story_4,https://www.rottentomatoes.com/m/toy_story_4
800,Traffic Stop,2017,traffic_stop,https://www.rottentomatoes.com/m/traffic_stop
801,Transformers: Dark of the Moon,2011,transformers_dark_of_the_moon,https://www.rottentomatoes.com/m/transformers_dark_of_the_moon
802,Transformers: Revenge of the Fallen,2009,transformers_revenge_of_the_fallen,https://www.rottentomatoes.com/m/transformers_revenge_of_the_fallen
803,Triangle of Sadness,2022,triangle_of_sadness,https://www.rottentomatoes.com/m/triangle_of_sadness
804,Tropic Thunder,2008,tropic_thunder,https://www.rottentomatoes.com/m/tropic_thunder
805,Trouble the Water,2008,trouble_the_water,https://www.rottentomatoes.com/m/trouble_the_water
806,True Grit,2010,true_grit,https://www.rottentomatoes.com/m/true_grit_2010
807,Trumbo,2015,trumbo,https://www.rottentomatoes.com/m/trumbo
808,Turning Red,2022,turning_red,https://www.rottentomatoes.com/m/turning_red
809,"Two Days, One Night",2014,two_days_one_night,https://www.rottentomatoes.com/m/two_days_one_night
810,Two Distant Strangers,2020,two_distant_strangers,https://www.rottentomatoes.com/m/two_distant_strangers
811,Tár,2022,tar,https://www.rottentomatoes.com/m/tar_2022
812,Ubornaya istoriya - lyubovnaya istoriya,2007,ubornaya_istoriya_lyubovnaya_istoriya,https://www.rottentomatoes.com/m/ubornaya_istoriya_lyubovnaya_istoriya
813,Unbroken,2014,unbroken,https://www.rottentomatoes.com/m/unbroken
814,Undefeated,2011,undefeated_2012,https://www.rottentomatoes.com/m/undefeated_2012
815,Unstoppable,2010,unstoppable,https://www.rottentomatoes.com/m/unstoppable_2010
816,Up,2009,up,https://www.rottentomatoes.com/m/up
817,Up in the Air,2009,up_in_the_air,https://www.rottentomatoes.com/m/up_in_the_air_2009
818,Vice,2018,vice,https://www.rottentomatoes.com/m/vice_2018
819,Vicky Cristina Barcelona,2008,vicky_cristina_barcelona,https://www.rottentomatoes.com/m/vicky_cristina_barcelona
820,Victoria & Abdul,2017,victoria_and_abdul,https://www.rottentomatoes.com/m/victoria_and_abdul
821,Virunga,2014,virunga,https://www.rottentomatoes.com/m/virunga
822,W.E.,2011,we,https://www.rottentomatoes.com/m/we_2011
823,WALL·E,2008,wall_e,https://www.rottentomatoes.com/m/wall_e
824,WAR IS OVER! Inspired by the Music of John and Yoko,2023,war_is_over_inspired_by_the_music_of_john_and_yoko,https://www.rottentomatoes.com/m/war_is_over_inspired_by_the_music_of_john_and_yoko
825,Walk Run Cha-Cha,2019,walk_run_chacha,https://www.rottentomatoes.com/m/walk_run_chacha_2019
826,Waltz with Bashir,2008,waltz_with_bashir,https://www.rottentomatoes.com/m/waltz_with_bashir
827,Wanted,2008,1174279-wanted,https://www.rottentomatoes.com/m/1174279-wanted
828,War Horse,2011,war_horse,https://www.rottentomatoes.com/m/war_horse
829,War Witch,2012,war_witch,https://www.rottentomatoes.com/m/war_witch
830,War for the Planet of the Apes,2017,war_for_the_planet_of_the_apes,https://www.rottentomatoes.com/m/war_for_the_planet_of_the_apes
831,Warrior,2011,warrior,https://www.rottentomatoes.com/m/warrior_2011
832,Waste Land,2010,waste_land,https://www.rottentomatoes.com/m/waste_land
833,Watani: My Homeland,2016,watani_my_homeland,https://www.rottentomatoes.com/m/watani_my_homeland
834,Watu Wote: All of Us,2017,watu_wote,https://www.rottentomatoes.com/m/watu_wote
835,We Can't Live Without Cosmos,2014,we_cant_live_without_cosmos,https://www.rottentomatoes.com/m/we_cant_live_without_cosmos
836,Weekends,2017,weekends,https://www.rottentomatoes.com/m/weekends
837,West Side Story,2021,west_side_story,https://www.rottentomatoes.com/m/west_side_story_2021
838,"What Happened, Miss Simone?",2015,what_happened_miss_simone,https://www.rottentomatoes.com/m/what_happened_miss_simone
839,When Marnie Was There,2014,when_marnie_was_there,https://www.rottentomatoes.com/m/when_marnie_was_there
840,When We Were Bullies,2021,when_we_were_bullies,https://www.rottentomatoes.com/m/when_we_were_bullies
841,Which Way Home,2009,which_way_home,https://www.rottentomatoes.com/m/which_way_home_2009
842,Whiplash,2014,whiplash,https://www.rottentomatoes.com/m/whiplash_2014
843,White Earth,2014,white_earth,https://www.rottentomatoes.com/m/white_earth
844,White Eye,2019,white_eye,https://www.rottentomatoes.com/m/white_eye
845,Wild,2014,wild,https://www.rottentomatoes.com/m/wild_2014
846,Wild Life,2011,wild_life,https://www.rottentomatoes.com/m/wild_life_2011
847,Wild Tales,2014,wild_tales,https://www.rottentomatoes.com/m/wild_tales
848,Winter on Fire: Ukraine's Fight for Freedom,2015,winter_on_fire_ukraines_fight_for_freedom,https://www.rottentomatoes.com/m/winter_on_fire_ukraines_fight_for_freedom
849,Winter's Bone,2010,10012136-winters_bone,https://www.rottentomatoes.com/m/10012136-winters_bone
850,Wish 143,2010,wish_143,https://www.rottentomatoes.com/m/wish_143
851,Wolfwalkers,2020,wolfwalkers,https://www.rottentomatoes.com/m/wolfwalkers
852,Women Talking,2022,women_talking,https://www.rottentomatoes.com/m/women_talking
853,Wonder,2017,wonder,https://www.rottentomatoes.com/m/wonder
854,World of Tomorrow,2015,world_of_tomorrow,https://www.rottentomatoes.com/m/world_of_tomorrow_2015
855,Wreck-It Ralph,2012,wreck_it_ralph,https://www.rottentomatoes.com/m/wreck_it_ralph
856,Writing with Fire,2021,writing_with_fire,https://www.rottentomatoes.com/m/writing_with_fire
857,X-Men: Days of Future Past,2014,x_men_days_of_future_past,https://www.rottentomatoes.com/m/x_men_days_of_future_past
858,Yes-People,2020,ja_folkid,https://www.rottentomatoes.com/m/ja_folkid
859,Zero Dark Thirty,2012,zero_dark_thirty,https://www.rottentomatoes.com/m/zero_dark_thirty
860,Zootopia,2016,zootopia,https://www.rottentomatoes.com/m/zootopia
861,"tick, tick... BOOM!",2021,tick_tick_boom,https://www.rottentomatoes.com/m/tick_tick_boom
