Auf der Strecke, https://www.rottentomatoes.com/m/auf_der_strecke_2007
Burrow, https://www.rottentomatoes.com/m/burrow_2020
Bujaeui gieok, https://www.rottentomatoes.com/m/bujaeui_gieok_2018
Manon sur le bitume, https://www.rottentomatoes.com/m/manon_sur_le_bitume_2007
Nattrikken, https://www.rottentomatoes.com/m/nattrikken_2020
The Garden, https://www.rottentomatoes.com/m/the_garden_2008
The Master, https://www.rottentomatoes.com/m/the_master_2012
Grisen, https://www.rottentomatoes.com/m/grisen_2008
The Witness from the Balcony of Room 306, https://www.rottentomatoes.com/m/the_witness_from_the_balcony_of_room_306_2008
Walk Run Cha-Cha, https://www.rottentomatoes.com/m/walk_run_chacha_2019
