(I'm Gonna) Love Me Again, https://www.rottentomatoes.com/m/_2019,
All The Stars, https://www.rottentomatoes.com/m/all_the_stars_2018,
Auf der Strecke (On the Line), https://www.rottentomatoes.com/m/auf_der_strecke_2008,
Be Alive, https://www.rottentomatoes.com/m/be_alive_2021,
Bestia, https://www.rottentomatoes.com/m/bestia_2021,
Burrow, https://www.rottentomatoes.com/m/burrow_2020,
Can't Stop The Feeling, https://www.rottentomatoes.com/m/cant_stop_the_feeling_2016,
City of Stars, https://www.rottentomatoes.com/m/city_of_stars_2016,
Demián Bichir, https://www.rottentomatoes.com/m/demian_bichir_2011,
Dos Oruguitas, https://www.rottentomatoes.com/m/dos_oruguitas_2021,
Down To Joy, https://www.rottentomatoes.com/m/down_to_joy_2021,
Fight For You, https://www.rottentomatoes.com/m/fight_for_you_2020,
How Far I'll Go, https://www.rottentomatoes.com/m/how_far_ill_go_2016,
Husavik, https://www.rottentomatoes.com/m/husavik_2020,
I Can't Let You Throw Yourself Away, https://www.rottentomatoes.com/m/i_cant_let_you_throw_yourself_away_2019,
I'll Fight, https://www.rottentomatoes.com/m/ill_fight_2018,
I'm Just Ken, https://www.rottentomatoes.com/m/im_just_ken_2023,
I'm Standing With You, https://www.rottentomatoes.com/m/im_standing_with_you_2019,
In the Absence, https://www.rottentomatoes.com/m/in_the_absence_2019,
Into The Unknown, https://www.rottentomatoes.com/m/into_the_unknown_2019,
Io Sì (Seen), https://www.rottentomatoes.com/m/io_si_2020,
It Never Went Away, https://www.rottentomatoes.com/m/it_never_went_away_2023,
Manon on the Asphalt, https://www.rottentomatoes.com/m/manon_on_the_asphalt_2008,
Mighty River, https://www.rottentomatoes.com/m/mighty_river_2017,
Mystery Of Love, https://www.rottentomatoes.com/m/mystery_of_love_2017,
Naatu Naatu, https://www.rottentomatoes.com/m/naatu_naatu_2022,
Somehow You Do, https://www.rottentomatoes.com/m/somehow_you_do_2021,
Stand Up For Something, https://www.rottentomatoes.com/m/stand_up_for_something_2017,
The Crush, https://www.rottentomatoes.com/m/the_crush_2010,
The Empty Chair, https://www.rottentomatoes.com/m/the_empty_chair_2016,
The Place Where Lost Things Go, https://www.rottentomatoes.com/m/the_place_where_lost_things_go_2018,
The Witness - From the Balcony of Room 306, https://www.rottentomatoes.com/m/the_witness_from_the_balcony_of_room_306_2008,
This Is A Life, https://www.rottentomatoes.com/m/this_is_a_life_2022,
Wahzhazhe (A Song For My People), https://www.rottentomatoes.com/m/wahzhazhe_2023,
Walk Run Cha-Cha, https://www.rottentomatoes.com/m/walk_run_chacha_2019,
What Was I Made For?, https://www.rottentomatoes.com/m/what_was_i_made_for_2023,
When A Cowboy Trades His Spurs For Wings, https://www.rottentomatoes.com/m/when_a_cowboy_trades_his_spurs_for_wings_2018,
(I'm Gonna) Love Me Again, https://www.rottentomatoes.com/m/_2019,
